{"schemaVersion":"1.0","appDefinitionTemplate":{"id":"/providers/Microsoft.PowerApps/apps/","type":"Microsoft.PowerApps/apps","tags":{"primaryDeviceWidth":"640","primaryDeviceHeight":"1136","sienaVersion":"20230214T114003Z-3.23015.14.0","deviceCapabilities":"","supportsPortrait":"true","supportsLandscape":"false","primaryFormFactor":"Phone","publisherVersion":"3.23015.14","minimumRequiredApiVersion":"2.2.0","hasComponent":"true","hasUnlockedComponent":"true","isUnifiedRootApp":"false"},"properties":{"appVersion":"2023-02-14T11:40:03Z","lifeCycleId":"Published","createdByClientVersion":{"major":3,"minor":23015,"build":14,"revision":0,"majorRevision":0,"minorRevision":0},"minClientVersion":{"major":3,"minor":23015,"build":14,"revision":0,"majorRevision":0,"minorRevision":0},"backgroundColor":"rgba(142, 140, 216, 1)","backgroundImageUri":"/7384115150628760946/N7b14394c-5c78-485c-890d-ea8ce8f959fa-new_seatbookingtest_db7c1_BackgroundImageUri","displayName":"SeatBooking - Test","description":"","commitMessage":"","appUris":{"documentUri":{"value":"/7384115150628760946/Nd5134ddf-9967-4615-918b-cdb40f53ec50-new_seatbookingtest_db7c1_DocumentUri.msapp"},"imageUris":[],"additionalUris":[]},"createdTime":"0001-01-01T00:00:00Z","lastModifiedTime":"0001-01-01T00:00:00Z","sharedGroupsCount":0,"sharedUsersCount":0,"connectionReferences":{"64852b16-4509-4d34-be4c-adfa1f496b3a":{"id":"6ca1a002-5e07-4489-b988-340c937540dd","displayName":"Office 365 Users","iconUri":"https://connectoricons-prod.azureedge.net/releases/v1.0.1611/1.0.1611.3104/office365users/icon.png","dataSources":["Office365Users"],"dependencies":[],"dependents":[],"parameterHints":{},"parameterHintsV2":{},"isOnPremiseConnection":false,"bypassConsent":false,"dataSets":{},"apiTier":"Standard","isCustomApiConnection":false,"actions":["UserProfile","ManagerV2","UserPhotoV2","SearchUser"]},"0e12ffb1-4ad7-43e4-908d-1aaa16845fd4":{"id":"df02a252-cb9c-4f31-a249-b389829702b0","displayName":"Office 365 Outlook","iconUri":"https://connectoricons-prod.azureedge.net/releases/v1.0.1617/1.0.1617.3171/office365/icon.png","dataSources":["Office365Outlook"],"dependencies":[],"dependents":[],"parameterHints":{},"parameterHintsV2":{},"isOnPremiseConnection":false,"bypassConsent":false,"dataSets":{},"apiTier":"Standard","isCustomApiConnection":false,"actions":["SendEmailV2"]},"999674d7-f657-4a7c-8aa8-3f6c69b9fcf9":{"id":"2b90224b-ecbf-4672-8167-931b38c91551","displayName":"SharePoint","iconUri":"https://connectoricons-prod.azureedge.net/u/juanq/gateway/greyhound/3000.150.11/1.0.1613.3116/sharepointonline/icon.png","dataSources":["Desk Reservations","Desks","FloorMap","GaugeConstraint","GaugeConstraintAdmin","AdminGuide","UserGuide","UserProfileList","SiteDetails"],"dependencies":[],"dependents":[],"parameterHints":{},"parameterHintsV2":{},"isOnPremiseConnection":false,"bypassConsent":false,"dataSets":{"https://alankaeon789.sharepoint.com/sites/LifeinSeries":{"dataSources":{"Desk Reservations":{"tableName":"dd1ae7d7-380b-4af8-8b11-46f4afc00a23"},"Desks":{"tableName":"c06194b3-9daf-494f-8bd0-e0801bf7a73f"},"FloorMap":{"tableName":"65bc9b55-ac77-40f1-b88a-67efb9e22ab8"},"GaugeConstraint":{"tableName":"4317d7a1-14ad-433e-a93e-bad4a98a7b3b"},"GaugeConstraintAdmin":{"tableName":"c1ff8c49-5fd5-4ee9-b79a-55fd5b3796e9"},"AdminGuide":{"tableName":"4272412a-bd10-4722-acf2-e8ad041f6cd1"},"UserGuide":{"tableName":"0ccbc6dd-a1a3-4eef-85dd-adff10c59551"},"UserProfileList":{"tableName":"c03d30b1-036a-4711-8767-f48789b045dc"},"SiteDetails":{"tableName":"64e0f4a7-b2d5-4afc-ab41-da00a8fb844a"}}}},"apiTier":"Standard","isCustomApiConnection":false,"actions":["providers/PowerPlatform.Governance/Operations/Read","providers/PowerPlatform.Governance/Operations/Write"]}},"authorizationReferences":[],"databaseReferences":{},"almMode":"Solution","performanceOptimizationEnabled":true,"canConsumeAppPass":true,"enableModernRuntimeMode":false,"executionRestrictions":{"isTeamsOnly":false,"dataLossPreventionEvaluationResult":{"status":"Compliant","lastEvaluationDate":"2023-02-14T11:40:20.9282551Z","violations":[],"violationsByPolicy":[],"violationErrorMessage":"The app uses the following connectors: shared_office365users, shared_office365, shared_sharepointonline."}}},"isAppComponentLibrary":false,"appType":"ClassicCanvasApp","appComponents":[]}}